customer_id,fname,lname,email,phone,street,city,state,payment_method
1,Herschel,Illingsworth,hillingsworth0@globo.com,512-781-7299,6 Schlimgen Alley,Austin,TX,jcb
2,Fonzie,Clemente,fclemente1@eepurl.com,703-951-2476,03752 Pawling Way,Arlington,VA,americanexpress
3,Forbes,Fri,ffri2@unesco.org,775-607-2315,615 Longview Pass,Carson City,NV,jcb
4,Benjie,Anstie,banstie3@cnbc.com,915-476-8998,1 Crescent Oaks Place,El Paso,TX,china-unionpay
5,Brittany,Ismay,bismay4@cnbc.com,801-783-2561,3 Schlimgen Street,Salt Lake City,UT,diners-club-carte-blanche
6,Jonie,Gallyon,jgallyon5@t-online.de,610-232-9152,6 Sheridan Way,Reading,PA,jcb
7,Agatha,Manuely,amanuely6@earthlink.net,678-430-7078,84138 Mariners Cove Crossing,Lawrenceville,GA,americanexpress
8,Fraze,Crop,fcrop7@ed.gov,208-452-6682,879 Ohio Crossing,Boise,ID,solo
9,Kayley,Ida,kida8@shop-pro.jp,202-509-1805,1 Dapin Pass,Washington,DC,instapayment
10,Candida,Gauchier,cgauchier9@xing.com,919-580-5704,09750 Grasskamp Way,Raleigh,NC,diners-club-enroute
11,Sarajane,Mountney,smountneya@google.co.uk,704-962-9255,49865 Westport Crossing,Charlotte,NC,jcb
12,Cassy,De Paoli,cdepaolib@last.fm,432-108-5753,3 Becker Parkway,Midland,TX,maestro
13,Gwenny,Daudray,gdaudrayc@wikimedia.org,704-326-8775,2194 Coolidge Junction,Charlotte,NC,diners-club-carte-blanche
14,Tristam,Schust,tschustd@e-recht24.de,937-302-8491,47 Superior Hill,Dayton,OH,jcb
15,Barbara-anne,McDarmid,bmcdarmide@google.com.au,504-372-8661,22292 Clemons Road,New Orleans,LA,mastercard
16,Mario,Andrioni,mandrionif@ameblo.jp,269-707-2200,172 Bowman Pass,Kalamazoo,MI,jcb
17,Karmen,Gadeaux,kgadeauxg@vimeo.com,530-590-7759,32 Morrow Place,South Lake Tahoe,CA,laser
18,Kaitlin,Bellerby,kbellerbyh@kickstarter.com,757-820-7778,51999 Killdeer Pass,Hampton,VA,jcb
19,Fredric,Daudray,fdaudrayi@java.com,202-282-7063,808 Basil Alley,Washington,DC,jcb
20,Charlton,Graeme,cgraemej@sun.com,916-301-3309,42540 Jenna Junction,Sacramento,CA,jcb
21,Trstram,Pretley,tpretleyk@unblog.fr,208-344-6262,59096 Fisk Terrace,Boise,ID,visa
22,Lizzy,Filon,lfilonl@bing.com,310-880-6586,3184 Canary Point,Santa Ana,CA,mastercard
23,Merissa,Cossum,mcossumm@ihg.com,314-101-1890,85375 Leroy Terrace,Saint Louis,MO,jcb
24,Fern,Fretson,ffretsonn@tripadvisor.com,817-796-9374,612 Di Loreto Road,Arlington,TX,americanexpress
25,Val,Malone,vmaloneo@geocities.jp,804-991-1000,88614 Mandrake Crossing,Richmond,VA,jcb
26,Stephen,McGoldrick,smcgoldrickp@odnoklassniki.ru,361-954-8211,8194 Gateway Park,Corpus Christi,TX,mastercard
27,Scarlet,Longlands,slonglandsq@is.gd,314-482-8833,023 Elgar Circle,Saint Louis,MO,diners-club-international
28,Katya,Crix,kcrixr@techcrunch.com,765-493-7271,90 Corscot Avenue,Muncie,IN,switch
29,Prentice,Garside,pgarsides@statcounter.com,904-138-2079,78983 Brown Hill,Jacksonville,FL,mastercard
30,Caralie,Bondley,cbondleyt@gnu.org,305-676-7732,93 Arapahoe Lane,Miami,FL,americanexpress
31,Mildrid,Gussin,mgussinu@huffingtonpost.com,240-766-9064,8 Old Shore Drive,Bethesda,MD,instapayment
32,Ivett,Antoniak,iantoniakv@example.com,850-375-7021,949 Gina Center,Pensacola,FL,diners-club-us-ca
33,Keelby,Milvarnie,kmilvarniew@is.gd,816-152-3087,72472 Debra Center,Kansas City,MO,mastercard
34,Ulla,Rillatt,urillattx@gov.uk,609-710-8374,5695 Pearson Alley,Trenton,NJ,diners-club-enroute
35,Clary,Pennetti,cpennettiy@miitbeian.gov.cn,916-830-9411,44426 Sachs Circle,Sacramento,CA,jcb
36,Boone,Warin,bwarinz@xrea.com,412-189-8507,25 Nova Terrace,Pittsburgh,PA,jcb
37,Shelby,Farans,sfarans10@ocn.ne.jp,757-219-4920,205 Vermont Drive,Norfolk,VA,americanexpress
38,Mei,Andraud,mandraud11@fc2.com,952-227-9823,2860 Canary Street,Young America,MN,americanexpress
39,Evita,Sprowles,esprowles12@cloudflare.com,205-286-8690,2 Oriole Drive,Birmingham,AL,china-unionpay
40,Quintus,Geibel,qgeibel13@admin.ch,405-973-9772,70 Glacier Hill Drive,Oklahoma City,OK,diners-club-enroute
41,Cole,Crampsey,ccrampsey14@canalblog.com,412-873-5136,48933 Hanson Plaza,Pittsburgh,PA,maestro
42,Kippy,Woodnutt,kwoodnutt15@meetup.com,517-357-0076,89 Hallows Road,Lansing,MI,china-unionpay
43,Filip,O'Caine,focaine16@t.co,714-772-3632,73 Dottie Court,Santa Ana,CA,maestro
44,Jess,Fink,jfink17@google.pl,562-944-6078,61 Golden Leaf Parkway,Long Beach,CA,jcb
45,Ferdy,Derby,fderby18@comsenz.com,303-527-1474,4105 Washington Alley,Denver,CO,jcb
46,Lennard,Lundon,llundon19@cbc.ca,337-791-5210,7 Pepper Wood Road,Lafayette,LA,china-unionpay
47,Sheelagh,Pixton,spixton1a@a8.net,901-968-0501,3664 Stephen Pass,Memphis,TN,jcb
48,Carlie,Arzu,carzu1b@lycos.com,850-915-4940,971 Nancy Crossing,Pensacola,FL,diners-club-us-ca
49,Louise,MacCarrane,lmaccarrane1c@geocities.jp,281-646-1565,629 Emmet Drive,Katy,TX,switch
50,Ethan,Collet,ecollet1d@istockphoto.com,336-784-2632,0214 Anderson Center,Winston Salem,NC,diners-club-carte-blanche
51,Kaitlynn,Fouch,kfouch1e@bloglovin.com,260-279-9251,18522 Blackbird Place,Fort Wayne,IN,jcb
52,Cristie,Dutteridge,cdutteridge1f@ucsd.edu,910-567-3020,21522 Monument Pass,Wilmington,NC,maestro
53,Starlin,Erangy,serangy1g@freewebs.com,202-333-1678,70799 Stephen Drive,Washington,DC,americanexpress
54,Reidar,Hollows,rhollows1h@toplist.cz,804-207-1354,7 Veith Plaza,Richmond,VA,visa-electron
55,Laney,Chesman,lchesman1i@mtv.com,410-976-7336,8 Oriole Way,Baltimore,MD,jcb
56,Juliann,Merredy,jmerredy1j@rediff.com,585-881-1344,29 Fair Oaks Center,Rochester,NY,jcb
57,Willamina,Gallemore,wgallemore1k@dailymail.co.uk,401-951-4484,411 Coolidge Street,Providence,RI,maestro
58,Hesther,Jirek,hjirek1l@arizona.edu,718-123-7515,10 Rigney Circle,Bronx,NY,jcb
59,Wait,Chrippes,wchrippes1m@furl.net,585-345-9430,141 Kennedy Hill,Rochester,NY,jcb
60,Sigismundo,Heindrich,sheindrich1n@ox.ac.uk,202-889-2955,1478 Dixon Pass,Washington,DC,jcb
61,Lawton,Knudsen,lknudsen1o@globo.com,916-878-8273,91 Sutherland Drive,Sacramento,CA,jcb
62,Carter,Kirmond,ckirmond1p@hc360.com,661-554-0948,571 Hagan Lane,Bakersfield,CA,jcb
63,Lela,Barrs,lbarrs1q@ocn.ne.jp,310-557-6808,090 Graedel Circle,Los Angeles,CA,mastercard
64,Sauncho,Couchman,scouchman1r@ezinearticles.com,510-489-5951,6364 Meadow Ridge Point,Oakland,CA,visa-electron
65,Thaxter,Haddleston,thaddleston1s@domainmarket.com,239-564-0044,931 Parkside Court,Fort Myers,FL,jcb
66,Phillipe,Gavozzi,pgavozzi1t@altervista.org,540-762-4127,5 Granby Alley,Roanoke,VA,jcb
67,Riccardo,Boughton,rboughton1u@nih.gov,405-654-0514,18488 Buhler Lane,Oklahoma City,OK,bankcard
68,Judi,Bulcroft,jbulcroft1v@senate.gov,321-686-4256,6 Tony Point,Orlando,FL,china-unionpay
69,Golda,Esby,gesby1w@slashdot.org,206-357-0544,9 Debs Point,Seattle,WA,diners-club-international
70,Katrinka,Hulatt,khulatt1x@amazon.com,813-106-7471,988 Memorial Hill,Tampa,FL,jcb
71,Dick,Tournay,dtournay1y@scribd.com,414-939-8522,0017 Morrow Drive,Milwaukee,WI,visa-electron
72,Clarie,Gladtbach,cgladtbach1z@instagram.com,610-501-9527,1 Acker Trail,Philadelphia,PA,bankcard
73,Teddy,Lafont,tlafont20@constantcontact.com,302-804-1940,2 Brown Avenue,Wilmington,DE,jcb
74,Piotr,Clendennen,pclendennen21@statcounter.com,314-815-8238,01447 Pierstorff Street,Saint Louis,MO,diners-club-enroute
75,Elonore,Cram,ecram22@ted.com,317-266-0050,82 Kenwood Avenue,Indianapolis,IN,maestro
76,Garek,Haswall,ghaswall23@so-net.ne.jp,330-567-0151,90 Russell Crossing,Youngstown,OH,jcb
77,Gilly,Stickens,gstickens24@friendfeed.com,318-456-3084,05 Schiller Park,Alexandria,LA,mastercard
78,Hiram,Limon,hlimon25@scribd.com,202-863-8381,861 Knutson Avenue,Washington,DC,china-unionpay
79,Murry,Riddett,mriddett26@aboutads.info,212-609-3355,33 Eliot Pass,New York City,NY,jcb
80,Moll,Basant,mbasant27@weebly.com,408-394-1797,23879 Dwight Pass,San Jose,CA,maestro
81,Rodolfo,Joy,rjoy28@friendfeed.com,614-404-7051,40555 Heath Court,Columbus,OH,switch
82,Iago,Kahen,ikahen29@chicagotribune.com,702-825-7461,7 Commercial Plaza,Las Vegas,NV,switch
83,Diannne,Ponter,dponter2a@alexa.com,312-157-1348,43 Golf View Drive,Chicago,IL,switch
84,Gregor,Chalice,gchalice2b@topsy.com,617-127-8811,5 Monica Crossing,Boston,MA,maestro
85,Abdul,Gladstone,agladstone2c@over-blog.com,212-903-6623,8671 Kim Plaza,Jamaica,NY,jcb
86,Dedra,Bertlin,dbertlin2d@bandcamp.com,402-765-1366,137 Sunfield Junction,Omaha,NE,switch
87,Lira,Pieche,lpieche2e@blogs.com,234-103-4526,618 Norway Maple Circle,Akron,OH,jcb
88,Henrieta,Gelardi,hgelardi2f@businessinsider.com,801-482-2901,858 Debs Point,Sandy,UT,diners-club-enroute
89,Minni,Hargate,mhargate2g@prlog.org,972-944-5296,041 Moose Street,Dallas,TX,jcb
90,Amil,de Vaen,adevaen2h@wikispaces.com,616-436-2956,28785 Marcy Hill,Grand Rapids,MI,maestro
91,Alicia,Oels,aoels2i@angelfire.com,208-711-2933,49 Buhler Crossing,Pocatello,ID,jcb
92,Joseph,Bette,jbette2j@ucla.edu,361-919-1152,93420 Victoria Avenue,Austin,TX,americanexpress
93,Cad,Colthurst,ccolthurst2k@google.com,816-989-8479,475 Birchwood Parkway,Lees Summit,MO,jcb
94,Ash,Loughan,aloughan2l@hhs.gov,251-974-0003,07426 Carpenter Court,Mobile,AL,jcb
95,Mirna,Doerling,mdoerling2m@taobao.com,616-656-6977,67103 Lyons Point,Grand Rapids,MI,maestro
96,Darci,Raunds,draunds2n@linkedin.com,334-413-0206,555 Pennsylvania Point,Montgomery,AL,maestro
97,Dorie,Van der Hoeven,dvanderhoeven2o@webmd.com,917-287-7975,9 Springs Parkway,New York City,NY,visa-electron
98,Abbot,Hannaway,ahannaway2p@liveinternet.ru,319-748-7691,3 Butterfield Lane,Cedar Rapids,IA,jcb
99,Kendra,Duffyn,kduffyn2q@dot.gov,320-241-2798,11 Little Fleur Hill,Saint Cloud,MN,jcb
100,Debi,Work,dwork2r@ustream.tv,817-474-7445,99640 Carpenter Center,Denton,TX,jcb
101,Eden,Pyett,epyett2s@a8.net,786-960-9913,4 Maywood Park,Miami,FL,maestro
102,Avivah,Jeschner,ajeschner2t@soundcloud.com,678-870-0758,8 Toban Road,Atlanta,GA,switch
103,Roobbie,Glowinski,rglowinski2u@wp.com,614-321-8944,85 Emmet Pass,Columbus,OH,china-unionpay
104,Lorita,Wilkerson,lwilkerson2v@joomla.org,512-423-1997,7212 Karstens Drive,Austin,TX,maestro
105,Heywood,Hrynczyk,hhrynczyk2w@soup.io,773-217-9616,4 Red Cloud Hill,Chicago,IL,instapayment
106,Flossy,Gingle,fgingle2x@techcrunch.com,713-770-4802,32 Washington Hill,Houston,TX,jcb
107,Charita,Sidary,csidary2y@businesswire.com,404-474-8577,013 Milwaukee Road,Atlanta,GA,diners-club-enroute
108,Sue,Petrol,spetrol2z@exblog.jp,407-295-4592,073 Mayfield Road,Orlando,FL,maestro
109,Vale,Mash,vmash30@people.com.cn,317-966-7205,515 3rd Place,Indianapolis,IN,jcb
110,Mariya,Folland,mfolland31@cpanel.net,704-804-7417,360 Melody Point,Gastonia,NC,jcb
111,Itch,Yushachkov,iyushachkov32@umn.edu,478-198-1647,6539 Chive Drive,Macon,GA,jcb
112,Camala,Marshfield,cmarshfield33@fotki.com,989-729-4626,6 Merchant Circle,Saginaw,MI,jcb
113,Crin,Madden,cmadden34@columbia.edu,251-730-6205,41 Moland Road,Mobile,AL,mastercard
114,Laverne,Reuter,lreuter35@elegantthemes.com,504-783-7335,2 Rockefeller Lane,New Orleans,LA,maestro
115,Rochella,Ryhorovich,rryhorovich36@usgs.gov,336-214-8952,8 Shoshone Trail,Greensboro,NC,jcb
116,Sofie,Sherrard,ssherrard37@domainmarket.com,415-580-1994,3 Merrick Circle,San Francisco,CA,diners-club-carte-blanche
117,Catha,Roggeman,croggeman38@kickstarter.com,323-882-8377,34270 Shelley Lane,Los Angeles,CA,china-unionpay
118,Kevon,Jellico,kjellico39@ning.com,408-109-3479,8 Merrick Parkway,San Jose,CA,jcb
119,Crichton,Keasley,ckeasley3a@reverbnation.com,417-338-4462,11 Utah Center,Springfield,MO,switch
120,Guthrey,Druhan,gdruhan3b@unc.edu,228-419-6574,21 Judy Way,Gulfport,MS,instapayment
121,Ode,Churly,ochurly3c@ucsd.edu,213-160-4190,257 Mitchell Road,Van Nuys,CA,mastercard
122,Ethelyn,Gallanders,egallanders3d@hibu.com,314-584-2532,736 Holy Cross Junction,Saint Louis,MO,jcb
123,Lucais,Winstanley,lwinstanley3e@com.com,412-277-0707,997 Boyd Terrace,Pittsburgh,PA,switch
124,Sarette,Mummery,smummery3f@amazon.co.jp,205-893-2454,088 Vahlen Street,Tuscaloosa,AL,solo
125,Augustine,Gwilliam,agwilliam3g@123-reg.co.uk,303-843-2450,28291 7th Circle,Denver,CO,diners-club-enroute
126,Donavon,Grgic,dgrgic3h@netscape.com,858-866-6073,1 Milwaukee Circle,San Diego,CA,jcb
127,Yalonda,Pougher,ypougher3i@soundcloud.com,203-607-5748,785 Quincy Circle,New Haven,CT,jcb
128,Hogan,Hupe,hhupe3j@rakuten.co.jp,772-275-8552,8 Lerdahl Center,Vero Beach,FL,americanexpress
129,Lyle,Conman,lconman3k@opera.com,718-872-0113,7391 Fisk Place,Jamaica,NY,china-unionpay
130,Keeley,Loft,kloft3l@baidu.com,602-970-1949,59563 Jana Drive,Phoenix,AZ,diners-club-enroute
131,Leah,Meier,lmeier3m@apache.org,515-377-2310,0964 Grasskamp Way,Des Moines,IA,jcb
132,Ignacio,Sherwill,isherwill3n@cmu.edu,818-519-2084,99020 Sundown Plaza,Glendale,CA,china-unionpay
133,Mill,Franschini,mfranschini3o@wired.com,205-266-3536,51 Victoria Junction,Birmingham,AL,maestro
134,Thomasin,Stirgess,tstirgess3p@4shared.com,251-633-7890,704 Scott Court,Mobile,AL,diners-club-us-ca
135,Joyann,Sambals,jsambals3q@theglobeandmail.com,251-884-1486,1457 Huxley Lane,Mobile,AL,diners-club-enroute
136,Abbey,Martygin,amartygin3r@marriott.com,202-547-7247,17687 Twin Pines Place,Washington,DC,mastercard
137,Griselda,Feldmann,gfeldmann3s@ed.gov,203-613-5909,51225 Graedel Alley,Waterbury,CT,switch
138,Ange,Earle,aearle3t@businesswire.com,309-695-9162,4095 Knutson Street,Peoria,IL,jcb
139,Claudian,Polak,cpolak3u@china.com.cn,615-669-1229,46 Kinsman Alley,Nashville,TN,americanexpress
140,Ashia,Wolfenden,awolfenden3v@prnewswire.com,805-950-0009,202 Dawn Parkway,Bakersfield,CA,jcb
141,Libby,Renackowna,lrenackowna3w@google.com,786-692-5303,6642 Armistice Lane,Miami,FL,jcb
142,Duncan,De Normanville,ddenormanville3x@hud.gov,806-660-1420,6 Bonner Street,Amarillo,TX,jcb
143,Haze,Spybey,hspybey3y@ning.com,301-902-9290,6 Grayhawk Crossing,Bethesda,MD,diners-club-carte-blanche
144,Eulalie,Yerill,eyerill3z@berkeley.edu,661-227-1427,0870 Declaration Drive,Lancaster,CA,switch
145,Xylina,Flaherty,xflaherty40@theglobeandmail.com,785-700-5517,826 Clarendon Lane,Topeka,KS,diners-club-enroute
146,Scot,Von Hindenburg,svonhindenburg41@hexun.com,419-442-6171,1135 Fairview Road,Toledo,OH,diners-club-us-ca
147,Elvera,Learmount,elearmount42@springer.com,405-932-9033,56 Hanson Point,Oklahoma City,OK,jcb
148,Ricky,McOwan,rmcowan43@wikispaces.com,412-993-2128,9 Lindbergh Plaza,Pittsburgh,PA,jcb
149,Amalie,Glaze,aglaze44@psu.edu,260-307-0329,72536 Service Alley,Fort Wayne,IN,laser
150,Marybeth,Ecclestone,mecclestone45@nationalgeographic.com,515-220-9343,277 Sachtjen Plaza,Des Moines,IA,diners-club-carte-blanche
151,Athene,Wethered,awethered46@tripadvisor.com,970-655-9350,7037 Stephen Avenue,Greeley,CO,laser
152,Crissy,Finan,cfinan47@a8.net,208-898-5633,91159 Browning Circle,Boise,ID,diners-club-carte-blanche
153,Bernie,O'Luney,boluney48@cbslocal.com,928-912-7667,2426 Starling Crossing,Peoria,AZ,instapayment
154,Anders,Sollam,asollam49@slideshare.net,706-694-3788,176 Macpherson Park,Cumming,GA,jcb
155,Tomi,Selvey,tselvey4a@usda.gov,205-160-5199,35572 Anzinger Alley,Birmingham,AL,diners-club-carte-blanche
156,Celine,Kulis,ckulis4b@ow.ly,678-241-0054,2 Burrows Park,Gainesville,GA,switch
157,Marlie,Danielovitch,mdanielovitch4c@amazon.co.jp,989-153-2528,82 Wayridge Park,Saginaw,MI,solo
158,Papageno,Fasey,pfasey4d@jimdo.com,731-246-2553,57385 Eastlawn Center,Jackson,TN,mastercard
159,Steve,Seden,sseden4e@comcast.net,651-572-6612,4 Fieldstone Point,Minneapolis,MN,visa
160,Emmalee,Waple,ewaple4f@example.com,702-218-4668,42898 Tennessee Parkway,Las Vegas,NV,visa-electron
161,Fernandina,De Bernardis,fdebernardis4g@seesaa.net,479-827-5951,273 Carioca Alley,Fort Smith,AR,bankcard
162,Willdon,Cescon,wcescon4h@macromedia.com,804-149-4872,65 Kenwood Avenue,Richmond,VA,jcb
163,Glenine,Keig,gkeig4i@amazon.com,336-260-4996,21 Harbort Center,Winston Salem,NC,jcb
164,Norri,Addeycott,naddeycott4j@topsy.com,857-778-1736,969 Vahlen Road,Boston,MA,diners-club-enroute
165,Emelda,Keatley,ekeatley4k@cdc.gov,505-154-0976,5 Talisman Terrace,Las Cruces,NM,jcb
166,Dyna,Guisby,dguisby4l@ustream.tv,717-909-3855,76 Oneill Lane,York,PA,mastercard
167,Lincoln,Horlock,lhorlock4m@desdev.cn,408-689-2952,7 Mariners Cove Road,San Jose,CA,jcb
168,Edgar,Fruchter,efruchter4n@jigsy.com,615-127-6695,3 Kipling Circle,Nashville,TN,americanexpress
169,Sher,Endle,sendle4o@cdc.gov,405-194-9528,04 Nova Court,Oklahoma City,OK,mastercard
170,Elyse,Paal,epaal4p@altervista.org,619-151-6897,6 Vernon Plaza,San Diego,CA,jcb
171,Analiese,Chomley,achomley4q@twitpic.com,916-418-4740,66230 Kedzie Way,Sacramento,CA,diners-club-enroute
172,Tamara,Charte,tcharte4r@nytimes.com,310-988-0664,34 Butterfield Terrace,Los Angeles,CA,diners-club-enroute
173,Ludovico,Husselbee,lhusselbee4s@taobao.com,815-140-4985,76038 Heath Drive,Joliet,IL,jcb
174,Ermentrude,Waltho,ewaltho4t@creativecommons.org,806-273-5851,77794 Loftsgordon Pass,Lubbock,TX,americanexpress
175,Ingunna,Renouf,irenouf4u@newsvine.com,303-303-2733,4458 Annamark Hill,Denver,CO,bankcard
176,Erna,Kunes,ekunes4v@ox.ac.uk,505-617-4229,43187 Rusk Way,Albuquerque,NM,jcb
177,Alica,Orrobin,aorrobin4w@marketwatch.com,404-581-9926,5 Annamark Hill,Norcross,GA,instapayment
178,Benedetto,Jirzik,bjirzik4x@jalbum.net,202-986-8934,5 Scoville Plaza,Washington,DC,maestro
179,Denny,Diprose,ddiprose4y@goo.gl,512-309-0697,9039 Drewry Park,Austin,TX,jcb
180,Dacia,Dot,ddot4z@newsvine.com,215-212-8424,64325 Mitchell Plaza,Philadelphia,PA,jcb
181,Anderson,Dannett,adannett50@google.cn,513-998-9455,939 Eliot Plaza,Cincinnati,OH,maestro
182,Guinna,Zahor,gzahor51@army.mil,304-873-2311,65 Lerdahl Trail,Huntington,WV,americanexpress
183,Curt,Raddan,craddan52@friendfeed.com,210-257-0224,7401 Northwestern Point,San Antonio,TX,jcb
184,Babara,Merrick,bmerrick53@storify.com,801-159-5807,81 Merchant Drive,Salt Lake City,UT,maestro
185,Matthiew,Gentiry,mgentiry54@home.pl,215-203-6966,7 Gerald Crossing,Philadelphia,PA,jcb
186,Chad,McGrae,cmcgrae55@livejournal.com,772-274-4364,546 Menomonie Court,West Palm Beach,FL,jcb
187,Augustus,Flatley,aflatley56@cmu.edu,323-250-3666,18 Bay Terrace,Los Angeles,CA,americanexpress
188,Belicia,Glassard,bglassard57@flickr.com,209-139-0063,11 Thierer Pass,Stockton,CA,visa
189,Issiah,Vakhlov,ivakhlov58@howstuffworks.com,405-385-9483,5225 Pennsylvania Point,Oklahoma City,OK,laser
190,Humfrid,Carslake,hcarslake59@dot.gov,615-922-4257,369 Harbort Terrace,Nashville,TN,china-unionpay
191,Marcos,Kendell,mkendell5a@plala.or.jp,267-382-5975,04593 Warner Trail,Philadelphia,PA,china-unionpay
192,Hermina,Child,hchild5b@unicef.org,321-685-8749,13669 Springview Pass,Melbourne,FL,jcb
193,Hew,Gladdis,hgladdis5c@blogs.com,971-744-7138,15538 Green Ridge Crossing,Portland,OR,jcb
194,Bunni,Verden,bverden5d@blinklist.com,319-154-6997,441 2nd Drive,Cedar Rapids,IA,bankcard
195,Zenia,Sprigging,zsprigging5e@simplemachines.org,718-921-9099,51173 Golf View Court,Bronx,NY,jcb
196,Mason,Iley,miley5f@1und1.de,571-987-5477,4 Onsgard Park,Arlington,VA,jcb
197,Jeth,Crowcum,jcrowcum5g@mail.ru,571-520-9832,9 Redwing Plaza,Dulles,VA,maestro
198,Magdaia,Jeyness,mjeyness5h@theatlantic.com,325-149-5181,472 Center Circle,Abilene,TX,jcb
199,Ilse,Traite,itraite5i@amazonaws.com,626-976-1990,06 Schlimgen Way,Pasadena,CA,mastercard
200,Marie,O' Molan,momolan5j@toplist.cz,731-394-5452,7051 Karstens Center,Jackson,TN,mastercard
201,Vladamir,Westell,vwestell5k@surveymonkey.com,860-889-6716,1 Sunnyside Hill,West Hartford,CT,americanexpress
202,Daile,Shillom,dshillom5l@youtube.com,562-915-8353,62395 Dakota Alley,Los Angeles,CA,jcb
203,Cassie,Heugle,cheugle5m@dropbox.com,971-286-4037,52 Ridgeview Circle,Portland,OR,americanexpress
204,Darcee,Hughson,dhughson5n@prlog.org,772-372-3023,0068 Crescent Oaks Avenue,West Palm Beach,FL,jcb
205,Richie,Coxen,rcoxen5o@newyorker.com,571-774-2521,40 3rd Circle,Dulles,VA,switch
206,Grethel,Rosebotham,grosebotham5p@quantcast.com,602-110-5425,01330 Browning Road,Glendale,AZ,jcb
207,Caryl,Newart,cnewart5q@dot.gov,260-716-1243,20309 Sachs Parkway,Fort Wayne,IN,jcb
208,Jade,Kidstone,jkidstone5r@angelfire.com,650-191-5038,899 Pennsylvania Pass,Sunnyvale,CA,maestro
209,Genni,Challicombe,gchallicombe5s@redcross.org,859-997-9321,0092 Linden Park,Lexington,KY,jcb
210,Blaire,Mazzilli,bmazzilli5t@timesonline.co.uk,804-731-4497,070 American Terrace,Richmond,VA,switch
211,Evey,Hobden,ehobden5u@alibaba.com,917-438-1066,92205 Westerfield Court,New York City,NY,jcb
212,Tomasine,Goldis,tgoldis5v@google.fr,210-913-0221,59 Hoard Circle,San Antonio,TX,visa-electron
213,Tildie,Gartsyde,tgartsyde5w@chronoengine.com,518-825-5703,73469 Banding Road,Schenectady,NY,jcb
214,Lillian,Blenkin,lblenkin5x@diigo.com,916-971-1689,2 Park Meadow Parkway,Sacramento,CA,jcb
215,Constantin,Choffin,cchoffin5y@loc.gov,404-374-7333,27 Maywood Way,Atlanta,GA,jcb
216,Mace,Hast,mhast5z@cpanel.net,408-453-8218,3 La Follette Drive,San Jose,CA,americanexpress
217,Doro,Belvard,dbelvard60@ifeng.com,512-862-0509,75626 Hooker Point,Austin,TX,jcb
218,Monroe,Pachmann,mpachmann61@hud.gov,347-122-9424,3747 Eliot Pass,Flushing,NY,visa-electron
219,Victor,Treadger,vtreadger62@list-manage.com,574-121-0549,12792 Paget Court,South Bend,IN,maestro
220,Crosby,Aronstam,caronstam63@goodreads.com,210-505-0293,2 Park Meadow Alley,San Antonio,TX,mastercard
221,Erhard,Ginglell,eginglell64@hugedomains.com,360-320-2182,08714 Cascade Drive,Olympia,WA,jcb
222,Clevie,Chazelas,cchazelas65@diigo.com,239-358-8658,819 Reinke Trail,Fort Myers,FL,maestro
223,Phillie,De Carteret,pdecarteret66@jalbum.net,814-975-2737,75 Goodland Terrace,Erie,PA,diners-club-enroute
224,Dedra,Seth,dseth67@xing.com,860-675-7817,2 Arrowood Drive,Hartford,CT,jcb
225,Rog,Knibley,rknibley68@clickbank.net,805-578-3733,49166 Basil Center,Santa Barbara,CA,diners-club-enroute
226,Les,Esmond,lesmond69@jimdo.com,432-381-1515,7807 Weeping Birch Crossing,Midland,TX,jcb
227,Cory,Males,cmales6a@amazon.de,804-557-1001,5249 Kedzie Court,Richmond,VA,visa-electron
228,Thibaud,Kacheler,tkacheler6b@desdev.cn,407-797-8841,8431 Anthes Center,Orlando,FL,jcb
229,Jedediah,Kilduff,jkilduff6c@about.me,401-284-1467,2565 Cherokee Lane,Providence,RI,jcb
230,Rena,Hartlebury,rhartlebury6d@artisteer.com,214-635-0529,76624 Stuart Way,Dallas,TX,mastercard
231,Henrik,Spurriar,hspurriar6e@omniture.com,916-344-2905,1 Del Sol Lane,Sacramento,CA,jcb
232,Decca,Tomasini,dtomasini6f@huffingtonpost.com,202-533-2587,92 Washington Plaza,Washington,DC,jcb
233,Harli,Sansom,hsansom6g@furl.net,405-925-0052,9 Mesta Point,Oklahoma City,OK,jcb
234,Aprilette,Hurford,ahurford6h@cbslocal.com,352-218-3730,962 Union Alley,Ocala,FL,americanexpress
235,Juliet,Batrip,jbatrip6i@jigsy.com,505-901-0270,2 Meadow Vale Lane,Albuquerque,NM,jcb
236,Carmine,Bonelle,cbonelle6j@vk.com,630-907-3877,276 Straubel Parkway,Naperville,IL,jcb
237,Kirbee,Kalb,kkalb6k@google.ca,202-713-2377,1855 Crowley Lane,Washington,DC,jcb
238,Caryl,Coombs,ccoombs6l@youtu.be,215-448-6949,51 Sugar Junction,Philadelphia,PA,jcb
239,Wait,Wadesworth,wwadesworth6m@feedburner.com,864-318-0241,8 Lukken Crossing,Greenville,SC,visa-electron
240,Trefor,Van Saltsberg,tvansaltsberg6n@china.com.cn,719-786-7244,420 Spohn Lane,Colorado Springs,CO,jcb
241,Garrett,Hunnawill,ghunnawill6o@feedburner.com,973-873-6997,312 Gerald Park,Newark,NJ,jcb
242,Jens,Utteridge,jutteridge6p@wikipedia.org,404-522-4730,1536 Pankratz Avenue,Atlanta,GA,diners-club-enroute
243,Antonietta,Couve,acouve6q@4shared.com,256-522-2958,18624 Dorton Avenue,Anniston,AL,visa-electron
244,Johnna,Adame,jadame6r@cloudflare.com,415-550-9033,48024 Hermina Center,San Francisco,CA,jcb
245,Rutherford,Zahor,rzahor6s@xing.com,402-819-6535,67000 Summit Terrace,Omaha,NE,jcb
246,Trix,Blazewski,tblazewski6t@blog.com,704-801-7229,8 Nobel Way,Charlotte,NC,solo
247,Patsy,Shuter,pshuter6u@dagondesign.com,516-152-1965,059 Carpenter Circle,Port Washington,NY,visa-electron
248,Yankee,Trowel,ytrowel6v@unesco.org,404-581-4428,51 Lighthouse Bay Place,Atlanta,GA,jcb
249,Gwenneth,Darko,gdarko6w@noaa.gov,571-120-9150,181 Spohn Point,Dulles,VA,laser
250,Koo,Medford,kmedford6x@geocities.jp,215-763-7207,36168 Iowa Parkway,Philadelphia,PA,jcb
251,Marti,Nizet,mnizet6y@canalblog.com,202-741-9070,4 Vernon Court,Washington,DC,mastercard
252,Nikaniki,Martello,nmartello6z@salon.com,913-732-9262,39116 Maple Wood Point,Shawnee Mission,KS,mastercard
253,Elly,Caswill,ecaswill70@dmoz.org,904-983-7452,5634 Superior Plaza,Jacksonville,FL,solo
254,Andy,Sommerscales,asommerscales71@jimdo.com,941-435-5381,477 Eliot Hill,Sarasota,FL,jcb
255,Byron,Maasz,bmaasz72@auda.org.au,240-102-6902,45 Montana Alley,Hagerstown,MD,bankcard
256,Kalindi,Newman,knewman73@cocolog-nifty.com,304-716-5416,4978 Buell Pass,Charleston,WV,jcb
257,Alexander,Willerton,awillerton74@istockphoto.com,916-685-8174,5 Dorton Way,Sacramento,CA,maestro
258,Rafael,Cosbee,rcosbee75@illinois.edu,304-360-5649,6 Cherokee Center,Charleston,WV,bankcard
259,Findley,Geffinger,fgeffinger76@tumblr.com,785-123-0891,6070 International Road,Topeka,KS,maestro
260,Margarette,Steere,msteere77@homestead.com,202-401-9649,0768 Esch Point,Silver Spring,MD,jcb
261,Craggie,Bax,cbax78@vkontakte.ru,513-754-2176,86 Crescent Oaks Plaza,Cincinnati,OH,mastercard
262,Mitch,Poulett,mpoulett79@army.mil,610-264-0107,09 Briar Crest Court,Philadelphia,PA,diners-club-enroute
263,Lenore,Izakof,lizakof7a@mashable.com,913-861-4032,4 Carberry Parkway,Shawnee Mission,KS,visa
264,Monroe,Stathers,mstathers7b@fema.gov,701-306-0054,57 Dunning Junction,Fargo,ND,instapayment
265,Zandra,Partner,zpartner7c@sphinn.com,504-275-0679,6324 Oriole Drive,New Orleans,LA,switch
266,Federico,Galletley,fgalletley7d@goo.gl,814-397-7726,6 Grover Plaza,Erie,PA,mastercard
267,Gertrudis,Childerhouse,gchilderhouse7e@netscape.com,304-358-6452,33 5th Crossing,Charleston,WV,china-unionpay
268,Hewitt,Normandale,hnormandale7f@cornell.edu,916-622-2465,8504 Sunbrook Hill,Sacramento,CA,mastercard
269,Benedikta,Weafer,bweafer7g@issuu.com,816-869-4693,696 Doe Crossing Trail,Lees Summit,MO,mastercard
270,Abner,Fraschetti,afraschetti7h@newyorker.com,225-509-1125,1 Northview Lane,Baton Rouge,LA,jcb
271,Lorin,Songust,lsongust7i@mlb.com,724-481-6552,98 Ludington Point,New Castle,PA,jcb
272,Venus,Janczewski,vjanczewski7j@ocn.ne.jp,309-425-9663,2 Dovetail Alley,Carol Stream,IL,jcb
273,Gaelan,Bullus,gbullus7k@soup.io,214-349-0229,005 North Crossing,Dallas,TX,jcb
274,Boothe,Hyman,bhyman7l@bizjournals.com,541-832-1067,74613 Leroy Street,Eugene,OR,switch
275,Tresa,Ranyelld,tranyelld7m@arstechnica.com,804-527-9671,598 Meadow Vale Court,Richmond,VA,jcb
276,Sheff,Garr,sgarr7n@ehow.com,914-807-4704,01680 Hanover Trail,Bronx,NY,jcb
277,Barnabas,Helstrom,bhelstrom7o@redcross.org,214-640-1229,61 Schurz Junction,Dallas,TX,diners-club-enroute
278,Annaliese,Tinn,atinn7p@typepad.com,515-275-3411,33 Jay Terrace,Des Moines,IA,bankcard
279,Edsel,Thieme,ethieme7q@vimeo.com,202-986-4349,6517 Fulton Way,Washington,DC,jcb
280,Ebenezer,Kinnar,ekinnar7r@t-online.de,336-809-9342,67016 Sachs Drive,High Point,NC,jcb
281,Jerri,Buard,jbuard7s@t-online.de,717-774-5219,2 Oneill Drive,Lancaster,PA,jcb
282,Jackie,Gladstone,jgladstone7t@is.gd,718-230-8058,0 Nobel Terrace,Jamaica,NY,americanexpress
283,Keelia,Pieter,kpieter7u@desdev.cn,765-731-0165,7024 Holy Cross Place,Muncie,IN,jcb
284,Glynda,Evensden,gevensden7v@biglobe.ne.jp,405-917-3353,92 Atwood Parkway,Oklahoma City,OK,diners-club-enroute
285,Hamil,Renzullo,hrenzullo7w@creativecommons.org,478-785-7670,807 Kenwood Avenue,Macon,GA,americanexpress
286,Mohandis,Eymor,meymor7x@gmpg.org,850-389-0664,78614 Sage Plaza,Pensacola,FL,jcb
287,Emlyn,Feldon,efeldon7y@scribd.com,661-854-6877,3193 Cordelia Park,Bakersfield,CA,diners-club-enroute
288,Willy,Hanton,whanton7z@newyorker.com,302-938-9697,68 Cardinal Court,Newark,DE,jcb
289,Merwyn,Duggan,mduggan80@nymag.com,952-682-2370,658 Westport Road,Saint Paul,MN,solo
290,Robbin,Dunseath,rdunseath81@github.com,361-667-9569,6525 Arizona Way,Corpus Christi,TX,visa-electron
291,Clemmie,Castagnier,ccastagnier82@prweb.com,615-113-3762,1 Waxwing Court,Nashville,TN,switch
292,West,Pikhno,wpikhno83@huffingtonpost.com,912-399-3786,13062 Meadow Vale Pass,Savannah,GA,visa-electron
293,Gerrie,Whewill,gwhewill84@newsvine.com,585-103-7895,5221 Kim Plaza,Rochester,NY,laser
294,Joseph,Lowndsbrough,jlowndsbrough85@nhs.uk,480-876-3183,949 Warrior Court,Apache Junction,AZ,jcb
295,Dawna,Farlowe,dfarlowe86@indiatimes.com,754-296-5325,830 Loomis Junction,Pompano Beach,FL,visa-electron
296,Haleigh,Highnam,hhighnam87@timesonline.co.uk,510-640-5224,45123 Rowland Court,Berkeley,CA,jcb
297,Lissi,Toffts,ltoffts88@soundcloud.com,941-987-5971,3 Warrior Park,Punta Gorda,FL,maestro
298,Agata,Milkin,amilkin89@e-recht24.de,623-886-6044,22683 Lakewood Center,Glendale,AZ,jcb
299,Bill,Worvill,bworvill8a@newyorker.com,404-430-5395,0486 Stone Corner Junction,Atlanta,GA,diners-club-carte-blanche
300,Pip,Luthwood,pluthwood8b@twitter.com,502-882-8097,93 Charing Cross Hill,Louisville,KY,jcb
